,ID,Label,Hemi,Network,regions,x,y,z,colors
0,1,LH_VisCent_ExStr_1,L,Visual_A,cortex,-36,-62,-16,#781286
1,2,LH_VisCent_ExStr_2,L,Visual_A,cortex,-24,-72,-10,#781286
2,3,LH_VisCent_ExStr_3,L,Visual_A,cortex,-36,-82,-16,#781286
3,4,LH_VisCent_ExStr_4,L,Visual_A,cortex,-16,-86,-16,#781286
4,5,LH_VisCent_ExStr_5,L,Visual_A,cortex,-24,-96,-12,#781286
5,6,LH_VisCent_ExStr_6,L,Visual_A,cortex,-42,-86,-4,#781286
6,7,LH_VisCent_Striate_1,L,Visual_A,cortex,-8,-98,-8,#781286
7,8,LH_VisCent_ExStr_7,L,Visual_A,cortex,-46,-74,6,#781286
8,9,LH_VisCent_ExStr_8,L,Visual_A,cortex,-24,-96,6,#781286
9,10,LH_VisCent_ExStr_9,L,Visual_A,cortex,-40,-84,14,#781286
10,11,LH_VisCent_ExStr_10,L,Visual_A,cortex,-10,-96,18,#781286
11,12,LH_VisCent_ExStr_11,L,Visual_A,cortex,-26,-84,22,#781286
12,13,LH_VisPeri_ExStrInf_1,L,Visual_B,cortex,-24,-54,-8,#FA0000
13,14,LH_VisPeri_ExStrInf_2,L,Visual_B,cortex,-12,-62,-4,#FA0000
14,15,LH_VisPeri_ExStrInf_3,L,Visual_B,cortex,-6,-76,-6,#FA0000
15,16,LH_VisPeri_ExStrInf_4,L,Visual_B,cortex,-14,-44,-6,#FA0000
16,17,LH_VisPeri_ExStrInf_5,L,Visual_B,cortex,-14,-56,2,#FA0000
17,18,LH_VisPeri_StriCal_1,L,Visual_B,cortex,-4,-88,2,#FA0000
18,19,LH_VisPeri_StriCal_2,L,Visual_B,cortex,-8,-74,10,#FA0000
19,20,LH_VisPeri_ExStrSup_1,L,Visual_B,cortex,-18,-64,6,#FA0000
20,21,LH_VisPeri_ExStrSup_2,L,Visual_B,cortex,-2,-84,24,#FA0000
21,22,LH_VisPeri_ExStrSup_3,L,Visual_B,cortex,-12,-72,20,#FA0000
22,23,LH_VisPeri_ExStrSup_4,L,Visual_B,cortex,-16,-88,34,#FA0000
23,24,LH_VisPeri_ExStrSup_5,L,Visual_B,cortex,-12,-82,36,#FA0000
24,25,LH_SomMotA_1,L,SomMot_A,cortex,-8,-16,48,#4682B4
25,26,LH_SomMotA_2,L,SomMot_A,cortex,-40,-14,48,#4682B4
26,27,LH_SomMotA_3,L,SomMot_A,cortex,-48,-18,54,#4682B4
27,28,LH_SomMotA_4,L,SomMot_A,cortex,-48,-30,58,#4682B4
28,29,LH_SomMotA_5,L,SomMot_A,cortex,-38,-24,52,#4682B4
29,30,LH_SomMotA_6,L,SomMot_A,cortex,-8,-38,54,#4682B4
30,31,LH_SomMotA_7,L,SomMot_A,cortex,-4,-24,56,#4682B4
31,32,LH_SomMotA_8,L,SomMot_A,cortex,-4,-8,60,#4682B4
32,33,LH_SomMotA_9,L,SomMot_A,cortex,-36,-20,64,#4682B4
33,34,LH_SomMotA_10,L,SomMot_A,cortex,-32,-30,62,#4682B4
34,35,LH_SomMotA_11,L,SomMot_A,cortex,-30,-38,66,#4682B4
35,36,LH_SomMotA_12,L,SomMot_A,cortex,-24,-10,64,#4682B4
36,37,LH_SomMotA_13,L,SomMot_A,cortex,-20,-24,66,#4682B4
37,38,LH_SomMotA_14,L,SomMot_A,cortex,-8,-42,70,#4682B4
38,39,LH_SomMotA_15,L,SomMot_A,cortex,-4,-26,68,#4682B4
39,40,LH_SomMotA_16,L,SomMot_A,cortex,-14,-12,72,#4682B4
40,41,LH_SomMotA_17,L,SomMot_A,cortex,-18,-32,68,#4682B4
41,42,LH_SomMotA_18,L,SomMot_A,cortex,-18,-40,72,#4682B4
42,43,LH_SomMotA_19,L,SomMot_A,cortex,-12,-26,74,#4682B4
43,44,LH_SomMotB_Aud_1,L,SomMot_B,cortex,-50,-10,0,#2ACCA4
44,45,LH_SomMotB_Aud_2,L,SomMot_B,cortex,-56,-22,8,#2ACCA4
45,46,LH_SomMotB_Ins_1,L,SomMot_B,cortex,-36,-24,10,#2ACCA4
46,47,LH_SomMotB_S2_1,L,SomMot_B,cortex,-38,-8,12,#2ACCA4
47,48,LH_SomMotB_S2_2,L,SomMot_B,cortex,-36,-26,18,#2ACCA4
48,49,LH_SomMotB_Aud_3,L,SomMot_B,cortex,-58,-36,16,#2ACCA4
49,50,LH_SomMotB_Aud_4,L,SomMot_B,cortex,-40,-36,14,#2ACCA4
50,51,LH_SomMotB_S2_3,L,SomMot_B,cortex,-48,-12,14,#2ACCA4
51,52,LH_SomMotB_S2_4,L,SomMot_B,cortex,-60,-2,10,#2ACCA4
52,53,LH_SomMotB_S2_5,L,SomMot_B,cortex,-48,-24,18,#2ACCA4
53,54,LH_SomMotB_S2_6,L,SomMot_B,cortex,-62,-18,20,#2ACCA4
54,55,LH_SomMotB_Cent_1,L,SomMot_B,cortex,-60,-2,24,#2ACCA4
55,56,LH_SomMotB_Cent_2,L,SomMot_B,cortex,-62,-10,32,#2ACCA4
56,57,LH_SomMotB_Cent_3,L,SomMot_B,cortex,-54,-8,30,#2ACCA4
57,58,LH_SomMotB_Cent_4,L,SomMot_B,cortex,-52,-6,44,#2ACCA4
58,59,LH_SomMotB_Cent_5,L,SomMot_B,cortex,-48,-16,40,#2ACCA4
59,60,LH_DorsAttnA_TempOcc_1,L,DorsAttn_A,cortex,-44,-42,-22,#4A9B3C
60,61,LH_DorsAttnA_TempOcc_2,L,DorsAttn_A,cortex,-32,-42,-20,#4A9B3C
61,62,LH_DorsAttnA_TempOcc_3,L,DorsAttn_A,cortex,-48,-56,-16,#4A9B3C
62,63,LH_DorsAttnA_TempOcc_4,L,DorsAttn_A,cortex,-46,-70,-8,#4A9B3C
63,64,LH_DorsAttnA_ParOcc_1,L,DorsAttn_A,cortex,-48,-66,16,#4A9B3C
64,65,LH_DorsAttnA_ParOcc_2,L,DorsAttn_A,cortex,-32,-84,26,#4A9B3C
65,66,LH_DorsAttnA_SPL_1,L,DorsAttn_A,cortex,-26,-70,30,#4A9B3C
66,67,LH_DorsAttnA_SPL_2,L,DorsAttn_A,cortex,-22,-78,44,#4A9B3C
67,68,LH_DorsAttnA_SPL_3,L,DorsAttn_A,cortex,-22,-66,46,#4A9B3C
68,69,LH_DorsAttnA_SPL_4,L,DorsAttn_A,cortex,-28,-58,50,#4A9B3C
69,70,LH_DorsAttnA_SPL_5,L,DorsAttn_A,cortex,-36,-52,56,#4A9B3C
70,71,LH_DorsAttnA_SPL_6,L,DorsAttn_A,cortex,-14,-70,58,#4A9B3C
71,72,LH_DorsAttnA_SPL_7,L,DorsAttn_A,cortex,-28,-62,62,#4A9B3C
72,73,LH_DorsAttnB_PostC_1,L,DorsAttn_B,cortex,-62,-24,32,#00760E
73,74,LH_DorsAttnB_PostC_2,L,DorsAttn_B,cortex,-54,-20,40,#00760E
74,75,LH_DorsAttnB_PostC_3,L,DorsAttn_B,cortex,-54,-32,44,#00760E
75,76,LH_DorsAttnB_PostC_4,L,DorsAttn_B,cortex,-46,-30,44,#00760E
76,77,LH_DorsAttnB_PostC_5,L,DorsAttn_B,cortex,-38,-38,50,#00760E
77,78,LH_DorsAttnB_PostC_6,L,DorsAttn_B,cortex,-30,-46,62,#00760E
78,79,LH_DorsAttnB_PostC_7,L,DorsAttn_B,cortex,-8,-58,64,#00760E
79,80,LH_DorsAttnB_PostC_8,L,DorsAttn_B,cortex,-20,-56,66,#00760E
80,81,LH_DorsAttnB_PostC_9,L,DorsAttn_B,cortex,-14,-50,72,#00760E
81,82,LH_DorsAttnB_FEF_1,L,DorsAttn_B,cortex,-40,-2,52,#00760E
82,83,LH_DorsAttnB_FEF_2,L,DorsAttn_B,cortex,-26,0,56,#00760E
83,84,LH_DorsAttnB_FEF_3,L,DorsAttn_B,cortex,-30,-8,52,#00760E
84,85,LH_DorsAttnB_PrCv_1,L,DorsAttn_B,cortex,-50,2,38,#00760E
85,86,LH_SalVentAttnA_ParOper_1,L,VentAttn_A,cortex,-54,-32,22,#C43AFA
86,87,LH_SalVentAttnA_ParOper_2,L,VentAttn_A,cortex,-58,-44,28,#C43AFA
87,88,LH_SalVentAttnA_ParOper_3,L,VentAttn_A,cortex,-62,-36,34,#C43AFA
88,89,LH_SalVentAttnA_Ins_1,L,VentAttn_A,cortex,-38,2,-4,#C43AFA
89,90,LH_SalVentAttnA_Ins_2,L,VentAttn_A,cortex,-40,-14,-2,#C43AFA
90,91,LH_SalVentAttnA_Ins_3,L,VentAttn_A,cortex,-32,18,8,#C43AFA
91,92,LH_SalVentAttnA_Ins_4,L,VentAttn_A,cortex,-36,4,10,#C43AFA
92,93,LH_SalVentAttnA_FrOper_1,L,VentAttn_A,cortex,-50,2,4,#C43AFA
93,94,LH_SalVentAttnA_FrOper_2,L,VentAttn_A,cortex,-52,8,14,#C43AFA
94,95,LH_SalVentAttnA_ParMed_1,L,VentAttn_A,cortex,-12,-28,42,#C43AFA
95,96,LH_SalVentAttnA_ParMed_2,L,VentAttn_A,cortex,-12,-42,48,#C43AFA
96,97,LH_SalVentAttnA_ParMed_3,L,VentAttn_A,cortex,-6,-48,56,#C43AFA
97,98,LH_SalVentAttnA_FrMed_1,L,VentAttn_A,cortex,-6,0,40,#C43AFA
98,99,LH_SalVentAttnA_FrMed_2,L,VentAttn_A,cortex,-6,10,48,#C43AFA
99,100,LH_SalVentAttnA_FrMed_3,L,VentAttn_A,cortex,-8,-2,70,#C43AFA
100,101,LH_SalVentAttnB_PFCl_1,L,VentAttn_B,cortex,-38,50,10,#FF98D5
101,102,LH_SalVentAttnB_PFCl_2,L,VentAttn_B,cortex,-28,44,30,#FF98D5
102,103,LH_SalVentAttnB_PFCl_3,L,VentAttn_B,cortex,-36,32,38,#FF98D5
103,104,LH_SalVentAttnB_Ins_1,L,VentAttn_B,cortex,-34,16,-8,#FF98D5
104,105,LH_SalVentAttnB_Ins_2,L,VentAttn_B,cortex,-32,24,0,#FF98D5
105,106,LH_SalVentAttnB_Ins_3,L,VentAttn_B,cortex,-44,12,2,#FF98D5
106,107,LH_SalVentAttnB_OFC_1,L,VentAttn_B,cortex,-26,50,-14,#FF98D5
107,108,LH_SalVentAttnB_PFCmp_1,L,VentAttn_B,cortex,-6,22,32,#FF98D5
108,109,LH_LimbicB_OFC_1,L,Limbic_B,cortex,-12,24,-20,#7A8732
109,110,LH_LimbicB_OFC_2,L,Limbic_B,cortex,-24,22,-20,#7A8732
110,111,LH_LimbicB_OFC_3,L,Limbic_B,cortex,-10,48,-22,#7A8732
111,112,LH_LimbicB_OFC_4,L,Limbic_B,cortex,-4,24,-20,#7A8732
112,113,LH_LimbicB_OFC_5,L,Limbic_B,cortex,-16,64,-8,#7A8732
113,114,LH_LimbicA_TempPole_1,L,Limbic_A,cortex,-38,-6,-42,#DCF8A4
114,115,LH_LimbicA_TempPole_2,L,Limbic_A,cortex,-24,6,-40,#DCF8A4
115,116,LH_LimbicA_TempPole_3,L,Limbic_A,cortex,-26,-10,-32,#DCF8A4
116,117,LH_LimbicA_TempPole_4,L,Limbic_A,cortex,-54,-22,-30,#DCF8A4
117,118,LH_LimbicA_TempPole_5,L,Limbic_A,cortex,-40,-22,-26,#DCF8A4
118,119,LH_LimbicA_TempPole_6,L,Limbic_A,cortex,-32,12,-30,#DCF8A4
119,120,LH_LimbicA_TempPole_7,L,Limbic_A,cortex,-44,6,-16,#DCF8A4
120,121,LH_ContA_Temp_1,L,Cont_A,cortex,-56,-62,0,#E69422
121,122,LH_ContA_IPS_1,L,Cont_A,cortex,-28,-74,42,#E69422
122,123,LH_ContA_IPS_2,L,Cont_A,cortex,-58,-42,46,#E69422
123,124,LH_ContA_IPS_3,L,Cont_A,cortex,-34,-62,48,#E69422
124,125,LH_ContA_IPS_4,L,Cont_A,cortex,-44,-42,46,#E69422
125,126,LH_ContA_IPS_5,L,Cont_A,cortex,-34,-46,40,#E69422
126,127,LH_ContA_PFCd_1,L,Cont_A,cortex,-22,6,64,#E69422
127,128,LH_ContA_PFClv_1,L,Cont_A,cortex,-48,36,10,#E69422
128,129,LH_ContA_PFClv_2,L,Cont_A,cortex,-42,38,22,#E69422
129,130,LH_ContA_PFCl_1,L,Cont_A,cortex,-50,6,26,#E69422
130,131,LH_ContA_PFCl_2,L,Cont_A,cortex,-44,20,26,#E69422
131,132,LH_ContA_PFCl_3,L,Cont_A,cortex,-40,8,34,#E69422
132,133,LH_ContA_Cingm_1,L,Cont_A,cortex,-4,6,28,#E69422
133,134,LH_ContB_Temp_1,L,Cont_B,cortex,-60,-36,-18,#87324A
134,135,LH_ContB_Temp_2,L,Cont_B,cortex,-60,-48,-10,#87324A
135,136,LH_ContB_IPL_1,L,Cont_B,cortex,-48,-60,46,#87324A
136,137,LH_ContB_IPL_2,L,Cont_B,cortex,-54,-50,44,#87324A
137,138,LH_ContB_IPL_3,L,Cont_B,cortex,-42,-52,48,#87324A
138,139,LH_ContB_PFCd_1,L,Cont_B,cortex,-30,14,58,#87324A
139,140,LH_ContB_PFClv_1,L,Cont_B,cortex,-42,48,-6,#87324A
140,141,LH_ContB_PFClv_2,L,Cont_B,cortex,-28,58,0,#87324A
141,142,LH_ContB_PFClv_3,L,Cont_B,cortex,-28,56,12,#87324A
142,143,LH_ContB_PFCmp_1,L,Cont_B,cortex,-4,28,48,#87324A
143,144,LH_ContC_pCun_1,L,Cont_C,cortex,-10,-70,32,#778CB0
144,145,LH_ContC_pCun_2,L,Cont_C,cortex,-10,-78,46,#778CB0
145,146,LH_ContC_pCun_3,L,Cont_C,cortex,-4,-64,52,#778CB0
146,147,LH_ContC_Cingp_1,L,Cont_C,cortex,-6,-40,24,#778CB0
147,148,LH_ContC_Cingp_2,L,Cont_C,cortex,-4,-22,30,#778CB0
148,149,LH_DefaultA_IPL_1,L,DMN_A,cortex,-48,-64,32,#FFFF00
149,150,LH_DefaultA_IPL_2,L,DMN_A,cortex,-42,-72,44,#FFFF00
150,151,LH_DefaultA_PFCd_1,L,DMN_A,cortex,-24,28,44,#FFFF00
151,152,LH_DefaultA_PFCd_2,L,DMN_A,cortex,-18,36,48,#FFFF00
152,153,LH_DefaultA_PFCd_3,L,DMN_A,cortex,-22,20,52,#FFFF00
153,154,LH_DefaultA_pCunPCC_1,L,DMN_A,cortex,-4,-54,20,#FFFF00
154,155,LH_DefaultA_pCunPCC_2,L,DMN_A,cortex,-6,-60,30,#FFFF00
155,156,LH_DefaultA_pCunPCC_3,L,DMN_A,cortex,-8,-44,32,#FFFF00
156,157,LH_DefaultA_pCunPCC_4,L,DMN_A,cortex,-4,-34,38,#FFFF00
157,158,LH_DefaultA_pCunPCC_5,L,DMN_A,cortex,-2,-16,38,#FFFF00
158,159,LH_DefaultA_pCunPCC_6,L,DMN_A,cortex,-2,-68,42,#FFFF00
159,160,LH_DefaultA_pCunPCC_7,L,DMN_A,cortex,-6,-50,42,#FFFF00
160,161,LH_DefaultA_PFCm_1,L,DMN_A,cortex,-4,56,-10,#FFFF00
161,162,LH_DefaultA_PFCm_2,L,DMN_A,cortex,-6,36,-8,#FFFF00
162,163,LH_DefaultA_PFCm_3,L,DMN_A,cortex,-6,60,6,#FFFF00
163,164,LH_DefaultA_PFCm_4,L,DMN_A,cortex,-6,44,6,#FFFF00
164,165,LH_DefaultA_PFCm_5,L,DMN_A,cortex,-16,68,8,#FFFF00
165,166,LH_DefaultA_PFCm_6,L,DMN_A,cortex,-6,34,20,#FFFF00
166,167,LH_DefaultB_Temp_1,L,DMN_B,cortex,-44,12,-34,#CD3E4E
167,168,LH_DefaultB_Temp_2,L,DMN_B,cortex,-54,-2,-30,#CD3E4E
168,169,LH_DefaultB_Temp_3,L,DMN_B,cortex,-62,-18,-20,#CD3E4E
169,170,LH_DefaultB_Temp_4,L,DMN_B,cortex,-56,-8,-14,#CD3E4E
170,171,LH_DefaultB_Temp_5,L,DMN_B,cortex,-60,-34,-4,#CD3E4E
171,172,LH_DefaultB_Temp_6,L,DMN_B,cortex,-52,-22,-6,#CD3E4E
172,173,LH_DefaultB_IPL_1,L,DMN_B,cortex,-46,-58,20,#CD3E4E
173,174,LH_DefaultB_IPL_2,L,DMN_B,cortex,-56,-54,30,#CD3E4E
174,175,LH_DefaultB_PFCd_1,L,DMN_B,cortex,-4,52,28,#CD3E4E
175,176,LH_DefaultB_PFCd_2,L,DMN_B,cortex,-14,58,30,#CD3E4E
176,177,LH_DefaultB_PFCd_3,L,DMN_B,cortex,-22,50,32,#CD3E4E
177,178,LH_DefaultB_PFCd_4,L,DMN_B,cortex,-8,42,52,#CD3E4E
178,179,LH_DefaultB_PFCd_5,L,DMN_B,cortex,-12,24,60,#CD3E4E
179,180,LH_DefaultB_PFCd_6,L,DMN_B,cortex,-6,10,64,#CD3E4E
180,181,LH_DefaultB_PFCl_1,L,DMN_B,cortex,-40,20,48,#CD3E4E
181,182,LH_DefaultB_PFCl_2,L,DMN_B,cortex,-42,8,48,#CD3E4E
182,183,LH_DefaultB_PFCv_1,L,DMN_B,cortex,-36,22,-16,#CD3E4E
183,184,LH_DefaultB_PFCv_2,L,DMN_B,cortex,-36,36,-12,#CD3E4E
184,185,LH_DefaultB_PFCv_3,L,DMN_B,cortex,-46,32,-10,#CD3E4E
185,186,LH_DefaultB_PFCv_4,L,DMN_B,cortex,-48,28,0,#CD3E4E
186,187,LH_DefaultB_PFCv_5,L,DMN_B,cortex,-54,20,12,#CD3E4E
187,188,LH_DefaultC_IPL_1,L,DMN_C,cortex,-40,-78,30,#000082
188,189,LH_DefaultC_Rsp_1,L,DMN_C,cortex,-14,-48,4,#000082
189,190,LH_DefaultC_Rsp_2,L,DMN_C,cortex,-8,-52,10,#000082
190,191,LH_DefaultC_Rsp_3,L,DMN_C,cortex,-14,-60,18,#000082
191,192,LH_DefaultC_PHC_1,L,DMN_C,cortex,-20,-20,-26,#000082
192,193,LH_DefaultC_PHC_2,L,DMN_C,cortex,-30,-32,-18,#000082
193,194,LH_DefaultC_PHC_3,L,DMN_C,cortex,-18,-38,-12,#000082
194,195,LH_TempPar_1,L,TempPar,cortex,-52,6,-12,#0C30FF
195,196,LH_TempPar_2,L,TempPar,cortex,-60,-12,-2,#0C30FF
196,197,LH_TempPar_3,L,TempPar,cortex,-62,-32,6,#0C30FF
197,198,LH_TempPar_4,L,TempPar,cortex,-52,-44,4,#0C30FF
198,199,LH_TempPar_5,L,TempPar,cortex,-58,-54,10,#0C30FF
199,200,LH_TempPar_6,L,TempPar,cortex,-58,-48,16,#0C30FF
200,201,RH_VisCent_ExStr_1,R,Visual_A,cortex,36,-54,-18,#781286
201,202,RH_VisCent_ExStr_2,R,Visual_A,cortex,38,-74,-16,#781286
202,203,RH_VisCent_ExStr_3,R,Visual_A,cortex,24,-74,-10,#781286
203,204,RH_VisCent_ExStr_4,R,Visual_A,cortex,20,-88,-12,#781286
204,205,RH_VisCent_ExStr_5,R,Visual_A,cortex,42,-84,-12,#781286
205,206,RH_VisCent_ExStr_6,R,Visual_A,cortex,26,-96,-10,#781286
206,207,RH_VisCent_Striate_1,R,Visual_A,cortex,8,-92,-2,#781286
207,208,RH_VisCent_ExStr_7,R,Visual_A,cortex,36,-88,2,#781286
208,209,RH_VisCent_ExStr_8,R,Visual_A,cortex,24,-98,8,#781286
209,210,RH_VisCent_ExStr_9,R,Visual_A,cortex,44,-78,10,#781286
210,211,RH_VisCent_ExStr_10,R,Visual_A,cortex,12,-94,18,#781286
211,212,RH_VisCent_ExStr_11,R,Visual_A,cortex,28,-88,20,#781286
212,213,RH_VisPeri_ExStrInf_1,R,Visual_B,cortex,26,-52,-8,#FA0000
213,214,RH_VisPeri_ExStrInf_2,R,Visual_B,cortex,18,-36,-12,#FA0000
214,215,RH_VisPeri_ExStrInf_3,R,Visual_B,cortex,10,-72,-6,#FA0000
215,216,RH_VisPeri_ExStrInf_4,R,Visual_B,cortex,14,-58,-4,#FA0000
216,217,RH_VisPeri_ExStrInf_5,R,Visual_B,cortex,18,-44,-2,#FA0000
217,218,RH_VisPeri_StriCal_1,R,Visual_B,cortex,10,-74,8,#FA0000
218,219,RH_VisPeri_StriCal_2,R,Visual_B,cortex,22,-60,6,#FA0000
219,220,RH_VisPeri_ExStrSup_1,R,Visual_B,cortex,16,-66,18,#FA0000
220,221,RH_VisPeri_ExStrSup_2,R,Visual_B,cortex,4,-80,24,#FA0000
221,222,RH_VisPeri_ExStrSup_3,R,Visual_B,cortex,14,-78,34,#FA0000
222,223,RH_VisPeri_ExStrSup_4,R,Visual_B,cortex,16,-86,36,#FA0000
223,224,RH_SomMotA_1,R,SomMot_A,cortex,54,-16,40,#4682B4
224,225,RH_SomMotA_2,R,SomMot_A,cortex,52,-12,50,#4682B4
225,226,RH_SomMotA_3,R,SomMot_A,cortex,44,-10,48,#4682B4
226,227,RH_SomMotA_4,R,SomMot_A,cortex,50,-26,56,#4682B4
227,228,RH_SomMotA_5,R,SomMot_A,cortex,6,-10,52,#4682B4
228,229,RH_SomMotA_6,R,SomMot_A,cortex,44,-22,54,#4682B4
229,230,RH_SomMotA_7,R,SomMot_A,cortex,38,-20,64,#4682B4
230,231,RH_SomMotA_8,R,SomMot_A,cortex,32,-34,64,#4682B4
231,232,RH_SomMotA_9,R,SomMot_A,cortex,30,-40,64,#4682B4
232,233,RH_SomMotA_10,R,SomMot_A,cortex,34,-28,62,#4682B4
233,234,RH_SomMotA_11,R,SomMot_A,cortex,4,-24,58,#4682B4
234,235,RH_SomMotA_12,R,SomMot_A,cortex,28,-10,64,#4682B4
235,236,RH_SomMotA_13,R,SomMot_A,cortex,10,-40,68,#4682B4
236,237,RH_SomMotA_14,R,SomMot_A,cortex,22,-24,66,#4682B4
237,238,RH_SomMotA_15,R,SomMot_A,cortex,22,-28,68,#4682B4
238,239,RH_SomMotA_16,R,SomMot_A,cortex,22,-34,70,#4682B4
239,240,RH_SomMotA_17,R,SomMot_A,cortex,16,-6,70,#4682B4
240,241,RH_SomMotA_18,R,SomMot_A,cortex,6,-22,72,#4682B4
241,242,RH_SomMotA_19,R,SomMot_A,cortex,16,-18,74,#4682B4
242,243,RH_SomMotA_20,R,SomMot_A,cortex,12,-32,76,#4682B4
243,244,RH_SomMotB_Aud_1,R,SomMot_B,cortex,52,4,-6,#2ACCA4
244,245,RH_SomMotB_Aud_2,R,SomMot_B,cortex,54,-14,6,#2ACCA4
245,246,RH_SomMotB_Ins_1,R,SomMot_B,cortex,40,-20,4,#2ACCA4
246,247,RH_SomMotB_S2_1,R,SomMot_B,cortex,38,-8,14,#2ACCA4
247,248,RH_SomMotB_S2_2,R,SomMot_B,cortex,34,-22,14,#2ACCA4
248,249,RH_SomMotB_Aud_3,R,SomMot_B,cortex,60,-24,10,#2ACCA4
249,250,RH_SomMotB_S2_3,R,SomMot_B,cortex,42,-14,18,#2ACCA4
250,251,RH_SomMotB_S2_4,R,SomMot_B,cortex,42,-30,18,#2ACCA4
251,252,RH_SomMotB_S2_5,R,SomMot_B,cortex,50,-10,14,#2ACCA4
252,253,RH_SomMotB_S2_6,R,SomMot_B,cortex,60,0,10,#2ACCA4
253,254,RH_SomMotB_S2_7,R,SomMot_B,cortex,48,-22,18,#2ACCA4
254,255,RH_SomMotB_S2_8,R,SomMot_B,cortex,62,-12,16,#2ACCA4
255,256,RH_SomMotB_Cent_1,R,SomMot_B,cortex,60,6,30,#2ACCA4
256,257,RH_SomMotB_Cent_2,R,SomMot_B,cortex,60,-6,26,#2ACCA4
257,258,RH_SomMotB_Cent_3,R,SomMot_B,cortex,52,-6,38,#2ACCA4
258,259,RH_DorsAttnA_TempOcc_1,R,DorsAttn_A,cortex,34,-36,-24,#4A9B3C
259,260,RH_DorsAttnA_TempOcc_2,R,DorsAttn_A,cortex,50,-50,-18,#4A9B3C
260,261,RH_DorsAttnA_TempOcc_3,R,DorsAttn_A,cortex,50,-64,-10,#4A9B3C
261,262,RH_DorsAttnA_ParOcc_1,R,DorsAttn_A,cortex,48,-66,4,#4A9B3C
262,263,RH_DorsAttnA_ParOcc_2,R,DorsAttn_A,cortex,54,-56,12,#4A9B3C
263,264,RH_DorsAttnA_ParOcc_3,R,DorsAttn_A,cortex,36,-78,24,#4A9B3C
264,265,RH_DorsAttnA_SPL_1,R,DorsAttn_A,cortex,30,-78,36,#4A9B3C
265,266,RH_DorsAttnA_SPL_2,R,DorsAttn_A,cortex,32,-66,36,#4A9B3C
266,267,RH_DorsAttnA_SPL_3,R,DorsAttn_A,cortex,18,-78,50,#4A9B3C
267,268,RH_DorsAttnA_SPL_4,R,DorsAttn_A,cortex,30,-64,52,#4A9B3C
268,269,RH_DorsAttnA_SPL_5,R,DorsAttn_A,cortex,20,-68,52,#4A9B3C
269,270,RH_DorsAttnA_SPL_6,R,DorsAttn_A,cortex,34,-50,54,#4A9B3C
270,271,RH_DorsAttnA_SPL_7,R,DorsAttn_A,cortex,26,-58,60,#4A9B3C
271,272,RH_DorsAttnA_SPL_8,R,DorsAttn_A,cortex,14,-64,64,#4A9B3C
272,273,RH_DorsAttnB_TempOcc_1,R,DorsAttn_B,cortex,60,-54,-2,#00760E
273,274,RH_DorsAttnB_PostC_1,R,DorsAttn_B,cortex,62,-14,30,#00760E
274,275,RH_DorsAttnB_PostC_2,R,DorsAttn_B,cortex,58,-22,44,#00760E
275,276,RH_DorsAttnB_PostC_3,R,DorsAttn_B,cortex,44,-38,50,#00760E
276,277,RH_DorsAttnB_PostC_4,R,DorsAttn_B,cortex,46,-28,42,#00760E
277,278,RH_DorsAttnB_PostC_5,R,DorsAttn_B,cortex,36,-36,52,#00760E
278,279,RH_DorsAttnB_PostC_6,R,DorsAttn_B,cortex,8,-54,60,#00760E
279,280,RH_DorsAttnB_PostC_7,R,DorsAttn_B,cortex,24,-50,68,#00760E
280,281,RH_DorsAttnB_PostC_8,R,DorsAttn_B,cortex,16,-46,74,#00760E
281,282,RH_DorsAttnB_FEF_1,R,DorsAttn_B,cortex,40,-4,52,#00760E
282,283,RH_DorsAttnB_FEF_2,R,DorsAttn_B,cortex,28,-4,52,#00760E
283,284,RH_DorsAttnB_FEF_3,R,DorsAttn_B,cortex,24,-2,64,#00760E
284,285,RH_SalVentAttnA_ParOper_1,R,VentAttn_A,cortex,58,-32,24,#C43AFA
285,286,RH_SalVentAttnA_ParOper_2,R,VentAttn_A,cortex,60,-22,22,#C43AFA
286,287,RH_SalVentAttnA_ParOper_3,R,VentAttn_A,cortex,62,-26,38,#C43AFA
287,288,RH_SalVentAttnA_PrC_1,R,VentAttn_A,cortex,52,4,40,#C43AFA
288,289,RH_SalVentAttnA_Ins_1,R,VentAttn_A,cortex,40,6,-16,#C43AFA
289,290,RH_SalVentAttnA_Ins_2,R,VentAttn_A,cortex,40,8,-2,#C43AFA
290,291,RH_SalVentAttnA_Ins_3,R,VentAttn_A,cortex,40,-10,-4,#C43AFA
291,292,RH_SalVentAttnA_Ins_4,R,VentAttn_A,cortex,40,-2,6,#C43AFA
292,293,RH_SalVentAttnA_FrOper_1,R,VentAttn_A,cortex,38,8,10,#C43AFA
293,294,RH_SalVentAttnA_FrOper_2,R,VentAttn_A,cortex,48,4,4,#C43AFA
294,295,RH_SalVentAttnA_FrOper_3,R,VentAttn_A,cortex,54,12,12,#C43AFA
295,296,RH_SalVentAttnA_FrMed_1,R,VentAttn_A,cortex,8,2,42,#C43AFA
296,297,RH_SalVentAttnA_ParMed_1,R,VentAttn_A,cortex,12,-18,42,#C43AFA
297,298,RH_SalVentAttnA_ParMed_2,R,VentAttn_A,cortex,12,-34,42,#C43AFA
298,299,RH_SalVentAttnA_FrMed_2,R,VentAttn_A,cortex,6,10,58,#C43AFA
299,300,RH_SalVentAttnA_ParMed_3,R,VentAttn_A,cortex,10,-44,54,#C43AFA
300,301,RH_SalVentAttnA_ParMed_4,R,VentAttn_A,cortex,10,-32,50,#C43AFA
301,302,RH_SalVentAttnA_FrMed_3,R,VentAttn_A,cortex,6,-2,66,#C43AFA
302,303,RH_SalVentAttnA_FrMed_4,R,VentAttn_A,cortex,16,6,70,#C43AFA
303,304,RH_SalVentAttnB_IPL_1,R,VentAttn_B,cortex,62,-38,36,#FF98D5
304,305,RH_SalVentAttnB_PFClv_1,R,VentAttn_B,cortex,50,40,6,#FF98D5
305,306,RH_SalVentAttnB_PFCl_1,R,VentAttn_B,cortex,42,46,14,#FF98D5
306,307,RH_SalVentAttnB_PFCl_2,R,VentAttn_B,cortex,26,54,24,#FF98D5
307,308,RH_SalVentAttnB_PFCl_3,R,VentAttn_B,cortex,32,44,28,#FF98D5
308,309,RH_SalVentAttnB_Ins_1,R,VentAttn_B,cortex,34,22,-8,#FF98D5
309,310,RH_SalVentAttnB_Ins_2,R,VentAttn_B,cortex,36,22,4,#FF98D5
310,311,RH_SalVentAttnB_PFCmp_1,R,VentAttn_B,cortex,8,34,24,#FF98D5
311,312,RH_SalVentAttnB_PFCmp_2,R,VentAttn_B,cortex,8,18,36,#FF98D5
312,313,RH_LimbicB_OFC_1,R,Limbic_B,cortex,14,24,-20,#7A8732
313,314,RH_LimbicB_OFC_2,R,Limbic_B,cortex,22,22,-20,#7A8732
314,315,RH_LimbicB_OFC_3,R,Limbic_B,cortex,8,46,-24,#7A8732
315,316,RH_LimbicB_OFC_4,R,Limbic_B,cortex,20,42,-18,#7A8732
316,317,RH_LimbicB_OFC_5,R,Limbic_B,cortex,4,22,-20,#7A8732
317,318,RH_LimbicB_OFC_6,R,Limbic_B,cortex,10,62,-14,#7A8732
318,319,RH_LimbicA_TempPole_1,R,Limbic_A,cortex,28,-2,-40,#DCF8A4
319,320,RH_LimbicA_TempPole_2,R,Limbic_A,cortex,48,-6,-40,#DCF8A4
320,321,RH_LimbicA_TempPole_3,R,Limbic_A,cortex,36,18,-38,#DCF8A4
321,322,RH_LimbicA_TempPole_4,R,Limbic_A,cortex,40,-14,-32,#DCF8A4
322,323,RH_LimbicA_TempPole_5,R,Limbic_A,cortex,28,12,-30,#DCF8A4
323,324,RH_LimbicA_TempPole_6,R,Limbic_A,cortex,50,-28,-26,#DCF8A4
324,325,RH_ContA_IPS_1,R,Cont_A,cortex,36,-70,46,#E69422
325,326,RH_ContA_IPS_2,R,Cont_A,cortex,54,-32,52,#E69422
326,327,RH_ContA_IPS_3,R,Cont_A,cortex,46,-44,46,#E69422
327,328,RH_ContA_IPS_4,R,Cont_A,cortex,36,-44,44,#E69422
328,329,RH_ContA_PFCd_1,R,Cont_A,cortex,24,10,58,#E69422
329,330,RH_ContA_PFCl_1,R,Cont_A,cortex,50,30,18,#E69422
330,331,RH_ContA_PFCl_2,R,Cont_A,cortex,48,18,24,#E69422
331,332,RH_ContA_PFCl_3,R,Cont_A,cortex,48,28,28,#E69422
332,333,RH_ContA_PFCl_4,R,Cont_A,cortex,48,8,24,#E69422
333,334,RH_ContA_PFCl_5,R,Cont_A,cortex,38,10,34,#E69422
334,335,RH_ContA_Cingm_1,R,Cont_A,cortex,4,2,30,#E69422
335,336,RH_ContB_Temp_1,R,Cont_B,cortex,62,-28,-20,#E69422
336,337,RH_ContB_Temp_2,R,Cont_B,cortex,64,-42,-10,#E69422
337,338,RH_ContB_IPL_1,R,Cont_B,cortex,56,-46,32,#87324A
338,339,RH_ContB_IPL_2,R,Cont_B,cortex,54,-52,44,#87324A
339,340,RH_ContB_IPL_3,R,Cont_B,cortex,56,-40,48,#87324A
340,341,RH_ContB_IPL_4,R,Cont_B,cortex,42,-56,48,#87324A
341,342,RH_ContB_PFCld_1,R,Cont_B,cortex,38,34,38,#87324A
342,343,RH_ContB_PFCld_2,R,Cont_B,cortex,44,18,44,#87324A
343,344,RH_ContB_PFCld_3,R,Cont_B,cortex,42,6,50,#87324A
344,345,RH_ContB_PFCld_4,R,Cont_B,cortex,34,16,56,#87324A
345,346,RH_ContB_PFClv_1,R,Cont_B,cortex,36,38,-14,#87324A
346,347,RH_ContB_PFClv_2,R,Cont_B,cortex,28,54,-14,#87324A
347,348,RH_ContB_PFClv_3,R,Cont_B,cortex,42,50,-6,#87324A
348,349,RH_ContB_PFClv_4,R,Cont_B,cortex,28,60,2,#87324A
349,350,RH_ContB_PFCmp_1,R,Cont_B,cortex,4,28,48,#87324A
350,351,RH_ContC_pCun_1,R,Cont_C,cortex,16,-64,28,#778CB0
351,352,RH_ContC_pCun_2,R,Cont_C,cortex,14,-72,40,#778CB0
352,353,RH_ContC_pCun_3,R,Cont_C,cortex,6,-64,44,#778CB0
353,354,RH_ContC_pCun_4,R,Cont_C,cortex,8,-50,44,#778CB0
354,355,RH_ContC_pCun_5,R,Cont_C,cortex,8,-72,52,#778CB0
355,356,RH_ContC_Cingp_1,R,Cont_C,cortex,8,-44,20,#778CB0
356,357,RH_ContC_Cingp_2,R,Cont_C,cortex,6,-28,28,#778CB0
357,358,RH_DefaultA_Temp_1,R,DMN_A,cortex,60,-8,-24,#FFFF00
358,359,RH_DefaultA_IPL_1,R,DMN_A,cortex,54,-54,26,#FFFF00
359,360,RH_DefaultA_IPL_2,R,DMN_A,cortex,48,-64,42,#FFFF00
360,361,RH_DefaultA_PFCd_1,R,DMN_A,cortex,26,34,38,#FFFF00
361,362,RH_DefaultA_PFCd_2,R,DMN_A,cortex,24,26,50,#FFFF00
362,363,RH_DefaultA_pCunPCC_1,R,DMN_A,cortex,6,-52,24,#FFFF00
363,364,RH_DefaultA_pCunPCC_2,R,DMN_A,cortex,4,-64,32,#FFFF00
364,365,RH_DefaultA_pCunPCC_3,R,DMN_A,cortex,6,-38,34,#FFFF00
365,366,RH_DefaultA_pCunPCC_4,R,DMN_A,cortex,4,-20,36,#FFFF00
366,367,RH_DefaultA_pCunPCC_5,R,DMN_A,cortex,10,-52,36,#FFFF00
367,368,RH_DefaultA_PFCm_1,R,DMN_A,cortex,6,42,-10,#FFFF00
368,369,RH_DefaultA_PFCm_2,R,DMN_A,cortex,10,66,0,#FFFF00
369,370,RH_DefaultA_PFCm_3,R,DMN_A,cortex,8,42,4,#FFFF00
370,371,RH_DefaultA_PFCm_4,R,DMN_A,cortex,8,54,12,#FFFF00
371,372,RH_DefaultA_PFCm_5,R,DMN_A,cortex,18,64,16,#FFFF00
372,373,RH_DefaultA_PFCm_6,R,DMN_A,cortex,6,26,18,#FFFF00
373,374,RH_DefaultB_Temp_1,R,DMN_B,cortex,64,-24,-8,#CD3E4E
374,375,RH_DefaultB_Temp_2,R,DMN_B,cortex,64,-38,0,#CD3E4E
375,376,RH_DefaultB_AntTemp_1,R,DMN_B,cortex,50,8,-32,#CD3E4E
376,377,RH_DefaultB_PFCd_1,R,DMN_B,cortex,6,58,30,#CD3E4E
377,378,RH_DefaultB_PFCd_2,R,DMN_B,cortex,16,52,36,#CD3E4E
378,379,RH_DefaultB_PFCd_3,R,DMN_B,cortex,4,44,40,#CD3E4E
379,380,RH_DefaultB_PFCd_4,R,DMN_B,cortex,14,38,52,#CD3E4E
380,381,RH_DefaultB_PFCd_5,R,DMN_B,cortex,12,20,62,#CD3E4E
381,382,RH_DefaultB_PFCv_1,R,DMN_B,cortex,34,22,-18,#CD3E4E
382,383,RH_DefaultB_PFCv_2,R,DMN_B,cortex,48,32,-8,#CD3E4E
383,384,RH_DefaultB_PFCv_3,R,DMN_B,cortex,54,24,6,#CD3E4E
384,385,RH_DefaultC_IPL_1,R,DMN_C,cortex,48,-64,22,#000082
385,386,RH_DefaultC_IPL_2,R,DMN_C,cortex,46,-76,30,#000082
386,387,RH_DefaultC_Rsp_1,R,DMN_C,cortex,14,-46,4,#000082
387,388,RH_DefaultC_Rsp_2,R,DMN_C,cortex,12,-56,16,#000082
388,389,RH_DefaultC_PHC_1,R,DMN_C,cortex,22,-18,-28,#000082
389,390,RH_DefaultC_PHC_2,R,DMN_C,cortex,30,-30,-18,#000082
390,391,RH_TempPar_1,R,TempPar,cortex,48,16,-20,#0C30FF
391,392,RH_TempPar_2,R,TempPar,cortex,54,-4,-14,#0C30FF
392,393,RH_TempPar_3,R,TempPar,cortex,48,-20,-8,#0C30FF
393,394,RH_TempPar_4,R,TempPar,cortex,62,-18,0,#0C30FF
394,395,RH_TempPar_5,R,TempPar,cortex,50,-34,2,#0C30FF
395,396,RH_TempPar_6,R,TempPar,cortex,60,-46,6,#0C30FF
396,397,RH_TempPar_7,R,TempPar,cortex,52,-40,12,#0C30FF
397,398,RH_TempPar_8,R,TempPar,cortex,64,-34,10,#0C30FF
398,399,RH_TempPar_9,R,TempPar,cortex,54,-46,20,#0C30FF
399,400,RH_TempPar_10,R,TempPar,cortex,62,-40,22,#0C30FF
400,401,L_Accumbens,NA,Subcortex,sctx,-9,12,-6,#1BF1FF
401,402,L_Amygdala,NA,Subcortex,sctx,-23,-5,-20,#1BF1FF
402,403,L_Caudate,NA,Subcortex,sctx,-13,6,11,#1BF1FF
403,404,L_Hippocampus,NA,Subcortex,sctx,-25,-23,-14,#1BF1FF
404,405,L_Pallidum,NA,Subcortex,sctx,-20,-5,-1,#1BF1FF
405,406,L_Putamen,NA,Subcortex,sctx,-26,0,0,#1BF1FF
406,407,L_Thalamus,NA,Subcortex,sctx,-11,-19,6,#1BF1FF
407,408,R_Accumbens,NA,Subcortex,sctx,10,12,-7,#1BF1FF
408,409,R_Amygdala,NA,Subcortex,sctx,24,-4,-20,#1BF1FF
409,410,R_Caudate,NA,Subcortex,sctx,14,9,10,#1BF1FF
410,411,R_Hippocampus,NA,Subcortex,sctx,27,-21,-14,#1BF1FF
411,412,R_Pallidum,NA,Subcortex,sctx,21,-4,-1,#1BF1FF
412,413,R_Putamen,NA,Subcortex,sctx,26,3,-1,#1BF1FF
413,414,R_Thalamus,NA,Subcortex,sctx,12,-18,7,#1BF1FF
414,415,Cereb_VisualA,NA,Cerebellar,cereb,0,0,0,#fafafa
415,416,Cereb_VisualB,NA,Cerebellar,cereb,0,0,0,#fafafa
416,417,Cereb_SomMotA,NA,Cerebellar,cereb,0,0,0,#fafafa
417,418,Cereb_SomMotB,NA,Cerebellar,cereb,0,0,0,#fafafa
418,419,Cereb_DorsAttnA,NA,Cerebellar,cereb,0,0,0,#fafafa
419,420,Cereb_DorsAttnB,NA,Cerebellar,cereb,0,0,0,#fafafa
420,421,Cereb_VentAttnA,NA,Cerebellar,cereb,0,0,0,#fafafa
421,422,Cereb_VentAttnB,NA,Cerebellar,cereb,0,0,0,#fafafa
422,423,Cereb_LimbicA,NA,Cerebellar,cereb,0,0,0,#fafafa
423,424,Cereb_LimbicB,NA,Cerebellar,cereb,0,0,0,#fafafa
424,425,Cereb_ControlC,NA,Cerebellar,cereb,0,0,0,#fafafa
425,426,Cereb_ControlA,NA,Cerebellar,cereb,0,0,0,#fafafa
426,427,Cereb_ControlB,NA,Cerebellar,cereb,0,0,0,#fafafa
427,428,Cereb_TemporalParietal,NA,Cerebellar,cereb,0,0,0,#fafafa
428,429,Cereb_DefaultC,NA,Cerebellar,cereb,0,0,0,#fafafa
429,430,Cereb_DefaultA,NA,Cerebellar,cereb,0,0,0,#fafafa
430,431,Cereb_DefaultB,NA,Cerebellar,cereb,0,0,0,#fafafa
431,432,Community1,NA,Brainstem,midbrain,0,0,0,#8a8a8a
432,433,Community2,NA,Brainstem,midbrain,0,0,0,#8a8a8a
433,434,Community3,NA,Brainstem,midbrain,0,0,0,#8a8a8a
434,435,Community4,NA,Brainstem,midbrain,0,0,0,#8a8a8a
435,436,Community5,NA,Brainstem,midbrain,0,0,0,#8a8a8a
436,437,Diencephalic,NA,Brainstem,midbrain,0,0,0,#8a8a8a