,ID,Label,Hemi,Network,regions,x,y,z,
0,1,V1_L,L,Primary_Visual,cortex,100.491589,41.138901,71.63704,
1,2,MST_L,L,MT+_Complex_and_Neighboring_Visual_Areas,cortex,132.416667,58.901786,82.059524,
2,3,V6_L,L,Dorsal_Stream_Visual,cortex,104.543112,44.481665,103.916749,
3,4,V2_L,L,Early_Visual,cortex,102.236656,44.064791,74.401125,
4,5,V3_L,L,Early_Visual,cortex,107.926111,40.632159,76.961153,
5,6,V4_L,L,Early_Visual,cortex,120.481621,41.344329,69.955702,
6,7,V8_L,L,Ventral_Stream_Visual,cortex,123.013193,51.8927,56.759015,
7,8,4_L,L,Somatosensory_and_Motor,cortex,119.338359,105.485002,126.65561,
8,9,3b_L,L,Somatosensory_and_Motor,cortex,129.664059,103.257279,123.682747,
9,10,FEF_L,L,Premotor,cortex,132.579336,118.837638,121.922509,
10,11,PEF_L,L,Premotor,cortex,136.772664,125.582985,112.956764,
11,12,55b_L,L,Premotor,cortex,138.865752,124.683174,122.399165,
12,13,V3A_L,L,Dorsal_Stream_Visual,cortex,104.528505,33.597072,99.335131,
13,14,RSC_L,L,Posterior_Cingulate,cortex,96.918149,86.60261,88.986951,
14,15,POS2_L,L,Posterior_Cingulate,cortex,98.677433,53.233641,109.394715,
15,16,V7_L,L,Dorsal_Stream_Visual,cortex,114.850993,39.443709,100.271523,
16,17,IPS1_L,L,Dorsal_Stream_Visual,cortex,114.19184,51.537326,110.430556,
17,18,FFC_L,L,Ventral_Stream_Visual,cortex,133.940136,69.78536,52.618797,
18,19,V3B_L,L,Dorsal_Stream_Visual,cortex,117.755656,42.828054,88.434389,
19,20,LO1_L,L,MT+_Complex_and_Neighboring_Visual_Areas,cortex,132.592541,39.361878,78.374309,
20,21,LO2_L,L,MT+_Complex_and_Neighboring_Visual_Areas,cortex,137.691983,45.555907,68.914557,
21,22,PIT_L,L,Ventral_Stream_Visual,cortex,137.394161,48.92805,61.153285,
22,23,MT_L,L,MT+_Complex_and_Neighboring_Visual_Areas,cortex,133.489855,55.521739,82.907246,
23,24,A1_L,L,Early_Auditory,cortex,135.998896,101.994481,82.398455,
24,25,PSL_L,L,Temporo-Parieto_Occipital_Junction,cortex,150.183112,78.426117,97.249877,
25,26,SFL_L,L,Dorsolateral_Prefrontal,cortex,98.31097,142.730684,135.373291,
26,27,PCV_L,L,Posterior_Cingulate,cortex,96.358639,76.151178,120.194372,
27,28,STV_L,L,Temporo-Parieto-Occipital_Junction,cortex,152.198435,74.187814,89.932923,
28,29,7Pm_L,L,Superior_Parietal,cortex,95.248227,58.274232,121.498818,
29,30,7m_L,L,Posterior_Cingulate,cortex,95.552556,64.056289,105.57668,
30,31,POS1_L,L,Posterior_Cingulate,cortex,101.731298,67.452417,84.880916,
31,32,23d_L,L,Posterior_Cingulate,cortex,93.867052,106.364162,109.955684,
32,33,v23ab_L,L,Posterior_Cingulate,cortex,94.704348,70.024638,91.217391,
33,34,d23ab_L,L,Posterior_Cingulate,cortex,93.768848,84.202983,102.524441,
34,35,31pv_L,L,Posterior_Cingulate,cortex,100.042751,81.552045,104.622677,
35,36,5m_L,L,Paracentral_Lobular_and_Mid_Cingulate,cortex,96.894004,83.917559,134.828694,
36,37,5mv_L,L,Paracentral_Lobular_and_Mid_Cingulate,cortex,104.643979,88.134031,121.951832,
37,38,23c_L,L,Paracentral_Lobular_and_Mid_Cingulate,cortex,102.515493,96.142723,113.688263,
38,39,5L_L,L,Paracentral_Lobular_and_Mid_Cingulate,cortex,105.121097,76.89642,144.418888,
39,40,24dd_L,L,Paracentral_Lobular_and_Mid_Cingulate,cortex,96.658505,110.468299,121.557499,
40,41,24dv_L,L,Paracentral_Lobular_and_Mid_Cingulate,cortex,100.068306,126.534153,115.301913,
41,42,7AL_L,L,Superior_Parietal,cortex,112.239867,73.178073,137.489037,
42,43,SCEF_L,L,Paracentral_Lobular_and_Mid_Cingulate,cortex,96.643496,131.532274,128.125124,
43,44,6ma_L,L,Paracentral_Lobular_and_Mid_Cingulate,cortex,110.592627,130.136617,139.421933,
44,45,7Am_L,L,Superior_Parietal,cortex,97.517305,65.146285,132.871251,
45,46,7Pl_L,L,Superior_Parietal,cortex,105.278114,51.702539,127.938331,
46,47,7PC_L,L,Superior_Parietal,cortex,128.238394,78.294856,131.844417,
47,48,LIPv_L,L,Superior_Parietal,cortex,121.655546,69.556357,124.250676,
48,49,VIP_L,L,Superior_Parietal,cortex,114.787443,60.903859,134.815566,
49,50,MIP_L,L,Superior_Parietal,cortex,115.970641,58.793594,119.152135,
50,51,1_L,L,Somatosensory_and_Motor,cortex,138.150337,99.962157,127.34085,
51,52,2_L,L,Somatosensory_and_Motor,cortex,129.508165,92.68818,123.900078,
52,53,3a_L,L,Somatosensory_and_Motor,cortex,125.373109,105,114.733613,
53,54,6d_L,L,Premotor,cortex,124.128205,111.937022,138.11426,
54,55,6mp_L,L,Paracentral_Lobular_and_Mid_Cingulate,cortex,100.026417,110.678674,141.063401,
55,56,6v_L,L,Premotor,cortex,149.799006,129.681108,103.925426,
56,57,p24pr_L,L,Anterior_Cingulate_and_Medial_Prefrontal,cortex,94.447546,124.308951,110.85948,
57,58,33pr_L,L,Anterior_Cingulate_and_Medial_Prefrontal,cortex,94.083624,134.923345,100.006969,
58,59,a24pr_L,L,Anterior_Cingulate_and_Medial_Prefrontal,cortex,95.249415,144.104215,101.338407,
59,60,p32pr_L,L,Anterior_Cingulate_and_Medial_Prefrontal,cortex,99.010823,140.837662,110.227273,
60,61,a24_L,L,Anterior_Cingulate_and_Medial_Prefrontal,cortex,96.046431,166.310464,66.976438,
61,62,d32_L,L,Anterior_Cingulate_and_Medial_Prefrontal,cortex,98.638734,168.099317,96.929236,
62,63,8BM_L,L,Anterior_Cingulate_and_Medial_Prefrontal,cortex,95.909177,158.968616,116.162149,
63,64,p32_L,L,Anterior_Cingulate_and_Medial_Prefrontal,cortex,101.628302,174.318868,67.658491,
64,65,10r_L,L,Anterior_Cingulate_and_Medial_Prefrontal,cortex,96.816092,176.014368,59.294061,
65,66,47m_L,L,Orbital_and_Polar_Frontal,cortex,127.422402,156.510121,55.184885,
66,67,8Av_L,L,Dorsolateral_Prefrontal,cortex,128.190759,142.505809,124.802756,
67,68,8Ad_L,L,Dorsolateral_Prefrontal,cortex,113.687799,154.661483,115.801037,
68,69,9m_L,L,Anterior_Cingulate_and_Medial_Prefrontal,cortex,97.019809,180.108831,93.67494,
69,70,8BL_L,L,Dorsolateral_Prefrontal,cortex,101.401615,163.951564,124.369828,
70,71,9p_L,L,Dorsolateral_Prefrontal,cortex,109.307738,173.069108,109.713526,
71,72,10d_L,L,Orbital_and_Polar_Frontal,cortex,100.894288,191.564911,78.3023,
72,73,8C_L,L,Dorsolateral_Prefrontal,cortex,134.157612,139.145205,109.267606,
73,74,44_L,L,Inferior_Frontal,cortex,144.510015,141.238315,88.001027,
74,75,45_L,L,Inferior_Frontal,cortex,141.73524,152.514118,73.734873,
75,76,47l_L,L,Inferior_Frontal,cortex,136.797521,154.852273,60.41374,
76,77,a47r_L,L,Inferior_Frontal,cortex,131.095281,174.396953,59.360514,
77,78,6r_L,L,Premotor,cortex,143.753559,132.158363,88.451957,
78,79,IFJa_L,L,Inferior_Frontal,cortex,131.411067,137.512846,97.774704,
79,80,IFJp_L,L,Inferior_Frontal,cortex,131.397321,127.672619,101.36756,
80,81,IFSp_L,L,Inferior_Frontal,cortex,137.874185,149.780056,91.685927,
81,82,IFSa_L,L,Inferior_Frontal,cortex,137.383825,159.179718,80.8819,
82,83,p9-46v_L,L,Dorsolateral_Prefrontal,cortex,138.145009,155.665913,98.46629,
83,84,46_L,L,Dorsolateral_Prefrontal,cortex,127.033498,164.498689,105.07457,
84,85,a9-46v_L,L,Dorsolateral_Prefrontal,cortex,131.147188,176.872535,80.33382,
85,86,9-46d_L,L,Dorsolateral_Prefrontal,cortex,120.191583,172.262563,93.433103,
86,87,9a_L,L,Dorsolateral_Prefrontal,cortex,112.60695,183.845628,95.711763,
87,88,10v_L,L,Anterior_Cingulate_and_Medial_Prefrontal,cortex,95.085146,179.625174,52.61453,
88,89,a10p_L,L,Orbital_and_Polar_Frontal,cortex,116.405009,185.963731,63.137306,
89,90,10pp_L,L,Orbital_and_Polar_Frontal,cortex,103.361926,187.352144,54.227239,
90,91,11l_L,L,Orbital_and_Polar_Frontal,cortex,115.577956,172.905411,55.238477,
91,92,13l_L,L,Orbital_and_Polar_Frontal,cortex,113.105234,153.630846,50.639198,
92,93,OFC_L,L,Orbital_and_Polar_Frontal,cortex,101.248092,155.905125,46.772628,
93,94,47s_L,L,Orbital_and_Polar_Frontal,cortex,123.285457,146.215144,51.115986,
94,95,LIPd_L,L,Superior_Parietal,cortex,120.72028,70.784965,112.674825,
95,96,6a_L,L,Premotor,cortex,115.421955,121.769876,126.648432,
96,97,i6-8_L,L,Dorsolateral_Prefrontal,cortex,119.66028,129.204864,127.283714,
97,98,s6-8_L,L,Dorsolateral_Prefrontal,cortex,112.448914,151.434433,128.003218,
98,99,43_L,L,Posterior_Opercular,cortex,147.447146,125.598309,80.808668,
99,100,OP4_L,L,Posterior_Opercular,cortex,151.038095,113.658333,86.099405,
100,101,OP1_L,L,Posterior_Opercular,cortex,138.126662,103.983905,90.311407,
101,102,OP2-3_L,L,Posterior_Opercular,cortex,131.5,109.658263,89.165266,
102,103,52_L,L,Early_Auditory,cortex,130.277162,105.017738,70.645233,
103,104,RI_L,L,Early_Auditory,cortex,130.666225,90.109934,91.313907,
104,105,PFcm_L,L,Early_Auditory,cortex,141.793228,93.845101,92.239193,
105,106,PoI2_L,L,Insular_and_Frontal_Opercular,cortex,131.140744,121.382156,71.041031,
106,107,TA2_L,L,Auditory_Association,cortex,141.08604,129.967515,63.526778,
107,108,FOP4_L,L,Insular_and_Frontal_Opercular,cortex,133.429119,138.892173,76.685824,
108,109,MI_L,L,Insular_and_Frontal_Opercular,cortex,127.923709,136.443075,73.143779,
109,110,Pir_L,L,Insular_and_Frontal_Opercular,cortex,122.938706,130.870602,53.682179,
110,111,AVI_L,L,Insular_and_Frontal_Opercular,cortex,121.113485,150.508678,67.823765,
111,112,AAIC_L,L,Insular_and_Frontal_Opercular,cortex,126.225504,139.71902,60.595101,
112,113,FOP1_L,L,Posterior_Opercular,cortex,140.305709,128.198895,75.653775,
113,114,FOP3_L,L,Insular_and_Frontal_Opercular,cortex,126,128.96978,84.425824,
114,115,FOP2_L,L,Insular_and_Frontal_Opercular,cortex,133.704403,121.251572,85.752621,
115,116,PFt_L,L,Inferior_Parietal,cortex,146.277662,100.807933,106.926931,
116,117,AIP_L,L,Superior_Parietal,cortex,130.372549,87.01364,112.687127,
117,118,EC_L,L,Medial_Temporal,cortex,111.463631,115.664695,42.698403,
118,119,PreS_L,L,Medial_Temporal,cortex,109.856877,94.634758,60.597584,
119,120,H_L,L,Medial_Temporal,cortex,120.203438,102.589542,54.63467,
120,121,ProS_L,L,Posterior_Cingulate,cortex,112.538922,71.057884,75.091816,
121,122,PeEc_L,L,Medial_Temporal,cortex,120.292051,116.757071,38.222388,
122,123,STGa_L,L,Auditory_Association,cortex,139.957301,140.979968,50.18292,
123,124,PBelt_L,L,Early_Auditory,cortex,144.62098,100.147014,79.898162,
124,125,A5_L,L,Auditory_Association,cortex,152.259123,112.858549,68.432144,
125,126,PHA1_L,L,Medial_Temporal,cortex,111.705833,90.678333,55.309167,
126,127,PHA3_L,L,Medial_Temporal,cortex,124.479062,90.840871,51.123953,
127,128,STSda_L,L,Auditory_Association,cortex,143.831461,123.554073,57.391854,
128,129,STSdp_L,L,Auditory_Association,cortex,143.062832,94.156637,72.083186,
129,130,STSvp_L,L,Auditory_Association,cortex,146.913625,91.085158,67.189173,
130,131,TGd_L,L,Lateral_Temporal,cortex,127.26011,137.751977,35.261304,
131,132,TE1a_L,L,Lateral_Temporal,cortex,150.202228,122.362624,47.172277,
132,133,TE1p_L,L,Lateral_Temporal,cortex,152.940325,78.805713,61.515946,
133,134,TE2a_L,L,Lateral_Temporal,cortex,148.079856,104.370685,42.029109,
134,135,TF_L,L,Medial_Temporal,cortex,132.406298,105.142089,41.219662,
135,136,TE2p_L,L,Lateral_Temporal,cortex,142.182155,83.665679,49.921881,
136,137,PHT_L,L,Lateral_Temporal,cortex,150.083714,66.180795,74.12733,
137,138,PH_L,L,MT+_Complex_and_Neighboring_Visual_Areas,cortex,139.578644,61.953921,65.579087,
138,139,TPOJ1_L,L,Temporo-Parieto-Occipital_Junction,cortex,144.16796,79.669019,81.137615,
139,140,TPOJ2_L,L,Temporo-Parieto-Occipital_Junction,cortex,143.28,62.095686,87.299608,
140,141,TPOJ3_L,L,Temporo-Parieto-Occipital_Junction,cortex,133.675835,54.257367,91.510806,
141,142,DVT_L,L,Posterior_Cingulate,cortex,108.042324,53.086307,103.566805,
142,143,PGp_L,L,Inferior_Parietal,cortex,129.425332,40.278761,94.142146,
143,144,IP2_L,L,Inferior_Parietal,cortex,131.750374,77.285501,114.758595,
144,145,IP1_L,L,Inferior_Parietal,cortex,121.635182,55.480069,111.34922,
145,146,IP0_L,L,Inferior_Parietal,cortex,122.033257,45.806193,97.033257,
146,147,PFop_L,L,Inferior_Parietal,cortex,154.842679,102.913551,96.221963,
147,148,PF_L,L,Inferior_Parietal,cortex,151.894297,89.867502,108.288348,
148,149,PFm_L,L,Inferior_Parietal,cortex,140.702334,70.065862,118.414359,
149,150,PGi_L,L,Inferior_Parietal,cortex,138.62727,61.299798,99.072355,
150,151,PGs_L,L,Inferior_Parietal,cortex,131.808463,48.857461,110.436526,
151,152,V6A_L,L,Dorsal_Stream_Visual,cortex,112.534483,39.66092,114.188218,
152,153,VMV1_L,L,Ventral_Stream_Visual,cortex,110.244105,74.319001,64.307906,
153,154,VMV3_L,L,Ventral_Stream_Visual,cortex,119.618762,64.508982,61.017964,
154,155,PHA2_L,L,Medial_Temporal,cortex,121.389831,90.169492,58.122881,
155,156,V4t_L,L,MT+_Complex_and_Neighboring_Visual_Areas,cortex,138.695811,48.185792,74.724954,
156,157,FST_L,L,MT+_Complex_and_Neighboring_Visual_Areas,cortex,137.648765,57.787325,76.535983,
157,158,V3CD_L,L,MT+_Complex_and_Neighboring_Visual_Areas,cortex,125.152542,36.195686,81.429892,
158,159,LO3_L,L,MT+_Complex_and_Neighboring_Visual_Areas,cortex,136.842415,48.964654,85.864507,
159,160,VMV2_L,L,Ventral_Stream_Visual,cortex,119.360502,74.39185,66.366771,
160,161,31pd_L,L,Posterior_Cingulate,cortex,102.136519,73.851536,106.767918,
161,162,31a_L,L,Posterior_Cingulate,cortex,95.984389,88.707989,115.960514,
162,163,VVC_L,L,Ventral_Stream_Visual,cortex,121.913003,74.920407,53.816752,
163,164,25_L,L,Anterior_Cingulate_and_Medial_Prefrontal,cortex,95.291898,147.049945,57.497225,
164,165,s32_L,L,Anterior_Cingulate_and_Medial_Prefrontal,cortex,97.364516,159.174194,54.480645,
165,166,pOFC_L,L,Anterior_Cingulate_and_Medial_Prefrontal,cortex,104.455746,137.165786,52.015852,
166,167,PoI1_L,L,Insular_and_Frontal_Opercular,cortex,129.839378,113.685665,68.664076,
167,168,Ig_L,L,Insular_and_Frontal_Opercular,cortex,126.25974,110.064935,86.446429,
168,169,FOP5_L,L,Insular_and_Frontal_Opercular,cortex,125.928129,152.826518,75.615861,
169,170,p10p_L,L,Orbital_and_Polar_Frontal,cortex,114.061006,189.546541,72.976101,
170,171,p47r_L,L,Inferior_Frontal,cortex,134.951128,169.179699,72.101504,
171,172,TGv_L,L,Lateral_Temporal,cortex,127.497751,123.922939,25.901949,
172,173,MBelt_L,L,Early_Auditory,cortex,136.939267,110.757068,73.956021,
173,174,LBelt_L,L,Early_Auditory,cortex,136.829565,99.368696,79.617391,
174,175,A4_L,L,Auditory_Association,cortex,155.165477,104.292219,78.188243,
175,176,STSva_L,L,Auditory_Association,cortex,142.689243,118.134462,52.832669,
176,177,TE1m_L,L,Lateral_Temporal,cortex,155.554922,101.395287,54.901178,
177,178,PI_L,L,Insular_and_Frontal_Opercular,cortex,134.650549,124.293407,56.102198,
178,179,a32pr_L,L,Anterior_Cingulate_and_Medial_Prefrontal,cortex,97.782313,155.883735,101.53927,
179,180,p24_L,L,Anterior_Cingulate_and_Medial_Prefrontal,cortex,95.442887,162.526279,84.888577,
180,181,V1_R,R,Primary_Visual,cortex,78.060375,44.539286,74.333474,
181,182,MST_R,R,MT+_Complex_and_Neighboring_Visual_Areas,cortex,43.620295,63.751227,78.013093,
182,183,V6_R,R,Dorsal_Stream_Visual,cortex,72.226868,49.256228,102.929715,
183,184,V2_R,R,Early_Visual,cortex,77.026083,47.558042,76.305265,
184,185,V3_R,R,Early_Visual,cortex,71.976821,41.580308,78.859282,
185,186,V4_R,R,Early_Visual,cortex,57.656017,41.782393,71.003195,
186,187,V8_R,R,Ventral_Stream_Visual,cortex,60.698264,51.949266,59.301736,
187,188,4_R,R,Somatosensory_and_Motor,cortex,60.980681,108.738321,126.822972,
188,189,3b_R,R,Somatosensory_and_Motor,cortex,52.032115,105.85919,122.884387,
189,190,FEF_R,R,Premotor,cortex,46.370874,123.157282,123.201942,
190,191,PEF_R,R,Premotor,cortex,45.069136,127.783951,109.748148,
191,192,55b_R,R,Premotor,cortex,41.45439,127.938619,119.895993,
192,193,V3A_R,R,Dorsal_Stream_Visual,cortex,75.553398,36.584466,102.458252,
193,194,RSC_R,R,Posterior_Cingulate,cortex,84.934198,92.434662,93.496756,
194,195,POS2_R,R,Posterior_Cingulate,cortex,80.662438,56.100589,108.736747,
195,196,V7_R,R,Dorsal_Stream_Visual,cortex,62.285714,42.400534,103.668892,
196,197,IPS1_R,R,Dorsal_Stream_Visual,cortex,64.710065,55.195753,111.066482,
197,198,FFC_R,R,Ventral_Stream_Visual,cortex,49.72947,75.126159,51.324834,
198,199,V3B_R,R,Dorsal_Stream_Visual,cortex,60.919386,48.422265,91.56238,
199,200,LO1_R,R,MT+_Complex_and_Neighboring_Visual_Areas,cortex,47.281977,45.175872,76.959302,
200,201,LO2_R,R,MT+_Complex_and_Neighboring_Visual_Areas,cortex,44.07,44.375,67.918333,
201,202,PIT_R,R,Ventral_Stream_Visual,cortex,44.641614,49.954905,58.057753,
202,203,MT_R,R,MT+_Complex_and_Neighboring_Visual_Areas,cortex,38.58547,57.830484,80.888889,
203,204,A1_R,R,Early_Auditory,cortex,46.328479,105.454693,81.894822,
204,205,PSL_R,R,Temporo-Parieto-Occipital_Junction,cortex,25.980366,89.316377,98.788934,
205,206,SFL_R,R,Dorsolateral_Prefrontal,cortex,82.702811,141.914659,137.409639,
206,207,PCV_R,R,Posterior_Cingulate,cortex,84.876497,74.045369,121.958412,
207,208,STV_R,R,Temporo-Parieto-Occipital_Junction,cortex,30.525124,81.598012,91.518498,
208,209,7Pm_R,R,Superior_Parietal,cortex,84.893683,59.192604,121.912173,
209,210,7m_R,R,Posterior_Cingulate,cortex,85.454762,66.283333,105.271429,
210,211,POS1_R,R,Posterior_Cingulate,cortex,79.376277,69.248778,87.420702,
211,212,23d_R,R,Posterior_Cingulate,cortex,86.894973,103.731598,111.127469,
212,213,v23ab_R,R,Posterior_Cingulate,cortex,86.05698,74.521368,90.964387,
213,214,d23ab_R,R,Posterior_Cingulate,cortex,86.84742,84.848518,104.53787,
214,215,31pv_R,R,Posterior_Cingulate,cortex,80.754159,82.767098,105.438078,
215,216,5m_R,R,Paracentral_Lobular_and_Mid_Cingulate,cortex,85.168053,86.77371,136.587354,
216,217,5mv_R,R,Paracentral_Lobular_and_Mid_Cingulate,cortex,79.398401,84.221852,127.565623,
217,218,23c_R,R,Paracentral_Lobular_and_Mid_Cingulate,cortex,80.814159,89.430678,115.231268,
218,219,5L_R,R,Paracentral_Lobular_and_Mid_Cingulate,cortex,77.196914,77.524614,145.837619,
219,220,24dd_R,R,Paracentral_Lobular_and_Mid_Cingulate,cortex,84.408074,109.82229,124.363317,
220,221,24dv_R,R,Paracentral_Lobular_and_Mid_Cingulate,cortex,82.241719,124.339302,118.569382,
221,222,7AL_R,R,Superior_Parietal,cortex,66.808871,72.715323,139.629032,
222,223,SCEF_R,R,Paracentral_Lobular_and_Mid_Cingulate,cortex,84.455241,131.183536,131.043635,
223,224,6ma_R,R,Paracentral_Lobular_and_Mid_Cingulate,cortex,69.698918,131.674072,137.728442,
224,225,7Am_R,R,Superior_Parietal,cortex,81.616644,64.449523,132.899045,
225,226,7Pl_R,R,Superior_Parietal,cortex,78.082592,52.547649,129.927573,
226,227,7PC_R,R,Superior_Parietal,cortex,54.30504,78.639699,133.54244,
227,228,LIPv_R,R,Superior_Parietal,cortex,62.004614,69.61707,125.258362,
228,229,VIP_R,R,Superior_Parietal,cortex,68.916533,63.23114,135.889246,
229,230,MIP_R,R,Superior_Parietal,cortex,63.267232,58.20226,123.986441,
230,231,1_R,R,Somatosensory_and_Motor,cortex,41.860496,104.311709,125.768987,
231,232,2_R,R,Somatosensory_and_Motor,cortex,52.428189,95.303667,122.502292,
232,233,3a_R,R,Somatosensory_and_Motor,cortex,58.537415,105.608844,118.408163,
233,234,6d_R,R,Premotor,cortex,53.27913,114.122216,136.10668,
234,235,6mp_R,R,Paracentral_Lobular_and_Mid_Cingulate,cortex,75.523118,112.953763,140.165054,
235,236,6v_R,R,Premotor,cortex,32.423866,132.818138,103.072554,
236,237,p24pr_R,R,Anterior_Cingulate_and_Medial_Prefrontal,cortex,85.71482,122.438623,112.543413,
237,238,33pr_R,R,Anterior_Cingulate_and_Medial_Prefrontal,cortex,87.197935,136.562823,100.375215,
238,239,a24pr_R,R,Anterior_Cingulate_and_Medial_Prefrontal,cortex,85.926439,145.473348,103.304904,
239,240,p32pr_R,R,Anterior_Cingulate_and_Medial_Prefrontal,cortex,82.475465,140.625212,112.576142,
240,241,a24_R,R,Anterior_Cingulate_and_Medial_Prefrontal,cortex,85.878669,164.201566,70.600783,
241,242,d32_R,R,Anterior_Cingulate_and_Medial_Prefrontal,cortex,83.510986,164.846197,98.791549,
242,243,8BM_R,R,Anterior_Cingulate_and_Medial_Prefrontal,cortex,85.561807,157.006339,117.958003,
243,244,p32_R,R,Anterior_Cingulate_and_Medial_Prefrontal,cortex,82.359393,174.618436,69.042007,
244,245,10r_R,R,Anterior_Cingulate_and_Medial_Prefrontal,cortex,85.146262,172.751896,60.15493,
245,246,47m_R,R,Orbital_and_Polar_Frontal,cortex,57.754386,157.371517,53.686275,
246,247,8Av_R,R,Dorsolateral_Prefrontal,cortex,51.352616,145.949195,120.685614,
247,248,8Ad_R,R,Dorsolateral_Prefrontal,cortex,67.233301,158.5722,113.623772,
248,249,9m_R,R,Anterior_Cingulate_and_Medial_Prefrontal,cortex,83.868691,181.249145,91.301967,
249,250,8BL_R,R,Dorsolateral_Prefrontal,cortex,78.91626,168.845999,120.171207,
250,251,9p_R,R,Dorsolateral_Prefrontal,cortex,71.348837,176.911205,105.233263,
251,252,10d_R,R,Orbital_and_Polar_Frontal,cortex,81.086781,193.730216,74.665468,
252,253,8C_R,R,Dorsolateral_Prefrontal,cortex,50.37308,145.14594,108.576811,
253,254,44_R,R,Inferior_Frontal,cortex,37.055203,145.308467,85.935472,
254,255,45_R,R,Inferior_Frontal,cortex,39.515005,153.265247,72.484511,
255,256,47l_R,R,Inferior_Frontal,cortex,46.146087,158.131594,56.831304,
256,257,a47r_R,R,Inferior_Frontal,cortex,52.625557,178.539747,62.249629,
257,258,6r_R,R,Premotor,cortex,39.694803,135.156311,86.720594,
258,259,IFJa_R,R,Inferior_Frontal,cortex,50.829828,143.133843,95.51434,
259,260,IFJp_R,R,Inferior_Frontal,cortex,54.052897,133.420655,99.677582,
260,261,IFSp_R,R,Inferior_Frontal,cortex,44.515479,155.734341,89.435565,
261,262,IFSa_R,R,Inferior_Frontal,cortex,42.045036,164.740532,73.742068,
262,263,p9-46v_R,R,Dorsolateral_Prefrontal,cortex,43.648143,159.269405,97.278164,
263,264,46_R,R,Dorsolateral_Prefrontal,cortex,54.973373,167.290598,102.286325,
264,265,a9-46v_R,R,Dorsolateral_Prefrontal,cortex,50.407407,178.769841,79.984127,
265,266,9-46d_R,R,Dorsolateral_Prefrontal,cortex,61.307805,176.773458,93.881321,
266,267,9a_R,R,Dorsolateral_Prefrontal,cortex,70.836969,188.89409,90.121777,
267,268,10v_R,R,Anterior_Cingulate_and_Medial_Prefrontal,cortex,87.511155,176.704016,52.646009,
268,269,a10p_R,R,Orbital_and_Polar_Frontal,cortex,66.79639,188.730686,61.363177,
269,270,10pp_R,R,Orbital_and_Polar_Frontal,cortex,79.325648,188.469741,53.417291,
270,271,11l_R,R,Orbital_and_Polar_Frontal,cortex,65.791587,172.746973,54.321224,
271,272,13l_R,R,Orbital_and_Polar_Frontal,cortex,70.701739,152.646957,50.322609,
272,273,OFC_R,R,Orbital_and_Polar_Frontal,cortex,83.615202,158.638955,45.933017,
273,274,47s_R,R,Orbital_and_Polar_Frontal,cortex,60.445039,146.166964,51.135472,
274,275,LIPd_R,R,Superior_Parietal,cortex,60.154362,70.736018,115.630872,
275,276,6a_R,R,Premotor,cortex,64.183119,124.292844,124.65945,
276,277,i6-8_R,R,Dorsolateral_Prefrontal,cortex,58.342047,134.887653,128.925473,
277,278,s6-8_R,R,Dorsolateral_Prefrontal,cortex,70.548089,149.926634,130.08693,
278,279,43_R,R,Posterior_Opercular,cortex,34.231572,127.220516,81.591523,
279,280,OP4_R,R,Posterior_Opercular,cortex,31.065974,115.43372,85.110568,
280,281,OP1_R,R,Posterior_Opercular,cortex,45.814286,107.14898,89.419388,
281,282,OP2-3_R,R,Posterior_Opercular,cortex,51.053528,111.892944,90.335766,
282,283,52_R,R,Early_Auditory,cortex,52.031915,105.12766,73.634752,
283,284,RI_R,R,Early_Auditory,cortex,46.93904,94.059663,90.975357,
284,285,PFcm_R,R,Early_Auditory,cortex,42.446673,98.010939,94.233364,
285,286,PoI2_R,R,Insular_and_Frontal_Opercular,cortex,50.080778,122.827214,71.63067,
286,287,TA2_R,R,Auditory_Association,cortex,39.836312,130.301644,63.779843,
287,288,FOP4_R,R,Insular_and_Frontal_Opercular,cortex,50.523336,141.361132,77.437643,
288,289,MI_R,R,Insular_and_Frontal_Opercular,cortex,52.77037,135.922222,73.7,
289,290,Pir_R,R,Insular_and_Frontal_Opercular,cortex,57.555081,133.362084,52.703672,
290,291,AVI_R,R,Insular_and_Frontal_Opercular,cortex,58.445161,150.95914,67.72043,
291,292,AAIC_R,R,Insular_and_Frontal_Opercular,cortex,54.936552,141.408966,60.337241,
292,293,FOP1_R,R,Posterior_Opercular,cortex,43.638509,131.004969,75.765217,
293,294,FOP3_R,R,Insular_and_Frontal_Opercular,cortex,56.149813,133.580524,83.445693,
294,295,FOP2_R,R,Insular_and_Frontal_Opercular,cortex,49.524038,122.612981,86.716346,
295,296,PFt_R,R,Inferior_Parietal,cortex,36.126206,103.276912,110.400148,
296,297,AIP_R,R,Superior_Parietal,cortex,53.147097,85.464516,115.539355,
297,298,EC_R,R,Medial_Temporal,cortex,70.108232,115.451982,45.18064,
298,299,PreS_R,R,Medial_Temporal,cortex,70.221751,95.334746,62.004237,
299,300,H_R,R,Medial_Temporal,cortex,60.712375,103.927258,54.33194,
300,301,ProS_R,R,Posterior_Cingulate,cortex,70.101423,77.854093,73.617438,
301,302,PeEc_R,R,Medial_Temporal,cortex,63.003326,117.21583,36.977054,
302,303,STGa_R,R,Auditory_Association,cortex,41.594035,142.606208,49.973828,
303,304,PBelt_R,R,Early_Auditory,cortex,33.096591,107.575487,79.568994,
304,305,A5_R,R,Auditory_Association,cortex,29.134363,113.095062,68.029224,
305,306,PHA1_R,R,Medial_Temporal,cortex,70.162458,92.5,55.005892,
306,307,PHA3_R,R,Medial_Temporal,cortex,56.793319,89.695198,55.185804,
307,308,STSda_R,R,Auditory_Association,cortex,38.705061,125.180919,55.141361,
308,309,STSdp_R,R,Auditory_Association,cortex,41.526702,98.094126,69.690254,
309,310,STSvp_R,R,Auditory_Association,cortex,30.95466,98.034257,65.971788,
310,311,TGd_R,R,Lateral_Temporal,cortex,55.264395,140.071941,34.559763,
311,312,TE1a_R,R,Lateral_Temporal,cortex,32.156938,125.713112,43.546788,
312,313,TE1p_R,R,Lateral_Temporal,cortex,27.790845,84.652057,59.44899,
313,314,TE2a_R,R,Lateral_Temporal,cortex,35.763051,107.785779,39.880513,
314,315,TF_R,R,Medial_Temporal,cortex,49.626318,105.570338,41.435842,
315,316,TE2p_R,R,Lateral_Temporal,cortex,41.843798,89.348137,49.277693,
316,317,PHT_R,R,Lateral_Temporal,cortex,30.004594,73.093109,65.673201,
317,318,PH_R,R,MT+_Complex_and_Neighboring_Visual_Areas,cortex,41.367731,64.734587,61.13861,
318,319,TPOJ1_R,R,Temporo-Parieto-Occipital_Junction,cortex,36.339798,82.305051,82.842828,
319,320,TPOJ2_R,R,Temporo-Parieto-Occipital_Junction,cortex,34.431659,69.409508,81.67477,
320,321,TPOJ3_R,R,Temporo-Parieto-Occipital_Junction,cortex,44.569097,65.107726,91.621328,
321,322,DVT_R,R,Posterior_Cingulate,cortex,71.658746,57.291089,104.820462,
322,323,PGp_R,R,Inferior_Parietal,cortex,45.491584,48.937135,98.336654,
323,324,IP2_R,R,Inferior_Parietal,cortex,49.719313,79.054936,117.186266,
324,325,IP1_R,R,Inferior_Parietal,cortex,56.10469,57.245394,114.665829,
325,326,IP0_R,R,Inferior_Parietal,cortex,56.220528,48.778455,98.620935,
326,327,PFop_R,R,Inferior_Parietal,cortex,28.000702,105.724719,95.294944,
327,328,PF_R,R,Inferior_Parietal,cortex,29.656612,96.343693,111.425046,
328,329,PFm_R,R,Inferior_Parietal,cortex,38.024068,76.292314,117.520769,
329,330,PGi_R,R,Inferior_Parietal,cortex,37.886767,66.21809,101.865327,
330,331,PGs_R,R,Inferior_Parietal,cortex,45.735542,57.616193,114.445321,
331,332,V6A_R,R,Dorsal_Stream_Visual,cortex,66.971053,43.206579,117.961842,
332,333,VMV1_R,R,Ventral_Stream_Visual,cortex,71.942782,73.198944,63.584507,
333,334,VMV3_R,R,Ventral_Stream_Visual,cortex,62.83642,64.92284,61.896605,
334,335,PHA2_R,R,Medial_Temporal,cortex,60.39823,91.648968,57.716814,
335,336,V4t_R,R,MT+_Complex_and_Neighboring_Visual_Areas,cortex,41.209816,53.52638,69.720245,
336,337,FST_R,R,MT+_Complex_and_Neighboring_Visual_Areas,cortex,38.91249,62.962609,72.511535,
337,338,V3CD_R,R,MT+_Complex_and_Neighboring_Visual_Areas,cortex,51.141138,43.050328,83.778993,
338,339,LO3_R,R,MT+_Complex_and_Neighboring_Visual_Areas,cortex,41.930187,53.481809,85.433628,
339,340,VMV2_R,R,Ventral_Stream_Visual,cortex,62.482,72.616,65.532,
340,341,31pd_R,R,Posterior_Cingulate,cortex,77.37785,74.687296,107.338762,
341,342,31a_R,R,Posterior_Cingulate,cortex,83.9,85.809091,114.561039,
342,343,VVC_R,R,Ventral_Stream_Visual,cortex,61.276977,79.81999,52.749876,
343,344,25_R,R,Anterior_Cingulate_and_Medial_Prefrontal,cortex,87.037037,143.861454,58.698217,
344,345,s32_R,R,Anterior_Cingulate_and_Medial_Prefrontal,cortex,86.948307,156.390374,55.54902,
345,346,pOFC_R,R,Anterior_Cingulate_and_Medial_Prefrontal,cortex,77.656757,138.762838,52.856757,
346,347,PoI1_R,R,Insular_and_Frontal_Opercular,cortex,52.45642,115.341143,68.178069,
347,348,Ig_R,R,Insular_and_Frontal_Opercular,cortex,54.984127,112.0839,86.482993,
348,349,FOP5_R,R,Insular_and_Frontal_Opercular,cortex,53.738178,153.878893,75.189158,
349,350,p10p_R,R,Orbital_and_Polar_Frontal,cortex,66.879454,187.415677,72.800475,
350,351,p47r_R,R,Inferior_Frontal,cortex,44.467343,172.381737,65.509195,
351,352,TGv_R,R,Lateral_Temporal,cortex,56.653745,123.570388,25.638589,
352,353,MBelt_R,R,Early_Auditory,cortex,43.806818,111.762784,74.931818,
353,354,LBelt_R,R,Early_Auditory,cortex,41.808564,101.870277,81.278338,
354,355,A4_R,R,Auditory_Association,cortex,25.519804,111.76766,76.545529,
355,356,STSva_R,R,Auditory_Association,cortex,32.924419,117.527907,54.337791,
356,357,TE1m_R,R,Lateral_Temporal,cortex,26.146605,102.236497,53.246528,
357,358,PI_R,R,Insular_and_Frontal_Opercular,cortex,47.013363,123.157016,57.926503,
358,359,a32pr_R,R,Anterior_Cingulate_and_Medial_Prefrontal,cortex,81.723096,153.990326,102.516324,
359,360,p24_R,R,Anterior_Cingulate_and_Medial_Prefrontal,cortex,86.096222,161.202423,88.541696,
360,361,L_Accumbens,NA,Subcortex,sctx,-9,12,-6,#6BD3FF
361,362,L_Amygdala,NA,Subcortex,sctx,-23,-5,-20,#6BD3FF
362,363,L_Caudate,NA,Subcortex,sctx,-13,6,11,#6BD3FF
363,364,L_Hippocampus,NA,Subcortex,sctx,-25,-23,-14,#6BD3FF
364,365,L_Pallidum,NA,Subcortex,sctx,-20,-5,-1,#6BD3FF
365,366,L_Putamen,NA,Subcortex,sctx,-26,0,0,#6BD3FF
366,367,L_Thalamus,NA,Subcortex,sctx,-11,-19,6,#6BD3FF
367,368,R_Accumbens,NA,Subcortex,sctx,10,12,-7,#6BD3FF
368,369,R_Amygdala,NA,Subcortex,sctx,24,-4,-20,#6BD3FF
369,370,R_Caudate,NA,Subcortex,sctx,14,9,10,#6BD3FF
370,371,R_Hippocampus,NA,Subcortex,sctx,27,-21,-14,#6BD3FF
371,372,R_Pallidum,NA,Subcortex,sctx,21,-4,-1,#6BD3FF
372,373,R_Putamen,NA,Subcortex,sctx,26,3,-1,#6BD3FF
373,374,R_Thalamus,NA,Subcortex,sctx,12,-18,7,#6BD3FF
374,375,Cereb_Visual,NA,Cerebellum,cereb,0,0,0,
375,376,Cereb_Somatomotor,NA,Cerebellum,cereb,0,0,0,
376,377,Cereb_Dorsal Attention,NA,Cerebellum,cereb,0,0,0,
377,378,Cereb_Ventral Attention,NA,Cerebellum,cereb,0,0,0,
378,379,Cereb_Limbic,NA,Cerebellum,cereb,0,0,0,
379,380,Cereb_Fronto-Parietal,NA,Cerebellum,cereb,0,0,0,
380,381,Cereb_Default-Mode,NA,Cerebellum,cereb,0,0,0,
381,382,Community1,NA,Brainstem,midbrain,0,0,0,#8a8a8a
382,383,Community2,NA,Brainstem,midbrain,0,0,0,#8a8a8a
383,384,Community3,NA,Brainstem,midbrain,0,0,0,#8a8a8a
384,385,Community4,NA,Brainstem,midbrain,0,0,0,#8a8a8a
385,386,Community5,NA,Brainstem,midbrain,0,0,0,#8a8a8a
386,387,Diencephalic,NA,Brainstem,midbrain,0,0,0,#8a8a8a